key,rank,tier,source_url,licence,population,experiments,access_status,data_source,primary_file,sha256,rows,cols,accessed_on,notes
student_depression,1,A,https://www.kaggle.com/datasets/hopesb/student-depression-dataset,See Kaggle dataset page,student,1 2 6 8,present,real,data/raw/student_depression/Student Depression Dataset.csv,a3e159e246789be5a61dcc7b4290fbc238f0140f3d95727585af50a61fd35404,27901.0,18.0,2026-10-09,kaggle
sentiment_mh,2,A,https://www.kaggle.com/datasets/suchintikasarkar/sentiment-analysis-for-mental-health,See Kaggle dataset page,online_volunteer,1 2 5 7 8,present,real,data/raw/sentiment_mh/Combined Data.csv,67274f52dec3b0155aec4d7d1ff31d2a92b0e9b383ab917614591cd168cc2474,53043.0,3.0,2026-10-09,kaggle
dass42,3,A,https://openpsychometrics.org/tests/DASS/,Open Psychometrics raw data terms; DASS instrument public domain (Lovibond & Lovibond),mixed,1 2 4 6 8,present,real,data/raw/dass42/DASS_data_21.02.19/data.csv,f1fa8d6508499e9e0ac32efaf08a4e5540729f9529734a3c5e804f6aec1a2d47,39775.0,172.0,2026-10-09,openpsychometrics
osmi_2014,4,A,https://www.openml.org/search?type=data&id=43674,OSMI survey data (open replication; attribute OSMI),professional,1 2 4 6 8,present,real,data/raw/osmi_2014/osmi_2014.csv,a4cde2cf2dff6ce347e69bec68aa94f94655a8ee9e345ef9985fdd3c87b89c6b,1259.0,27.0,2026-10-09,openml
drug_reviews,5,A,https://archive.ics.uci.edu/dataset/462/drug+review+dataset+drugs+com,"Research use only, no commercial use, no redistribution; citation required",patient,2 5 7,present,real,data/raw/drug_reviews/drugsComTrain_raw.csv,bc0902b21af0db5b99568a7639ed5f7dad3494a8186a20d05c5b4016c6caedf4,161297.0,7.0,2026-10-09,kaggle-mirror
fer2013,6,A,https://www.kaggle.com/datasets/msambare/fer2013,CC0 / see Kaggle page,mixed,3 8,present,real,data/raw/fer2013/test/angry/PrivateTest_10131363.jpg,53aa27f46f036a0382486d5e3cda8b32bd0e133cb6edecc4c8ec181f9578e338,35887.0,1.0,2026-10-09,kaggle
dreaddit,7,B,https://huggingface.co/datasets/andreagasparini/dreaddit,"Research citation: Turcan & McKeown, Louhi 2019",online_volunteer,7 8,present,real,data/raw/dreaddit/train-00000-of-00001.parquet,8f855d163755c21d1fcc955fd46e45f730b97ecce4d3380f84da922cf65369a7,2838.0,116.0,2026-10-09,huggingface
osmi_2017_21,8,B,https://data.mendeley.com/datasets/mmnzx4w8cg/1,OSMI; attribute source,professional,2 6 8,present,real,data/raw/osmi_2017_21/OSMI Mental Health in Tech Survey 2017.csv,c388e2c3045403ddd0208cf8bab62224ef93b0e93b6629ce7a5a2338ceb8dcad,756.0,123.0,2026-10-09,kaggle
student_depression_small,9,C,https://www.kaggle.com/datasets/ikynahidwin/depression-student-dataset,See Kaggle dataset page,student,6 8,present,real,data/raw/student_depression_small/Depression Student Dataset.csv,d0daa3f0d8e3fe458c8f187a5f3ad76bd64c5a5e31545e05d555ce9c6d3cde98,502.0,11.0,2026-10-09,kaggle
druglib,10,C,https://archive.ics.uci.edu/dataset/461/druglib+review+dataset,Research use only; attribute UCI,patient,7,synthetic,synthetic,data/raw/druglib/druglibComTrain_raw.tsv,3f443bcf644795aa31f9b0e7305bc8f369aff8c583a392fae8725b66b5015713,300.0,7.0,2026-10-09,synthetic stand-in from a previous run (.mindsense_synthetic marker)
